{"cameraMode":{"drawMode":0,"name":"Shaded","section":"Shading Mode"},"sceneLighting":false,"audioPlay":false,"sceneViewState":{"m_AlwaysRefresh":false,"showFog":true,"showSkybox":true,"showFlares":true,"showImageEffects":true,"showParticleSystems":true,"showVisualEffectGraphs":true,"m_FxEnabled":false},"in2DMode":false,"pivot":{"x":2.1145386695861818,"y":1.4020233154296876,"z":1.5894227027893067},"rotation":{"x":0.01930488832294941,"y":0.6530627608299255,"z":-0.016656070947647096,"w":0.7568811774253845},"size":2.970207452774048,"orthographic":false}